id,name,price,description,image,categories
1,Huśtawka ogrodowa Luna,899.99,Solidna huśtawka dla całej rodziny.,/images/placeholder.svg,"Ogród,Huśtawki"
2,Huśtawka dla dzieci Mini,349.99,Kompaktowa huśtawka do ogrodu i na taras.,/images/placeholder.svg,"Dziecko,Huśtawki"
3,Basen rozporowy 305 cm,499.00,Łatwy montaż i letnia frajda.,/images/placeholder.svg,"Ogród,Baseny"
4,Pokrywa do basenu,79.99,Ochrona wody przed liśćmi.,/images/placeholder.svg,"Ogród,Baseny"
5,Grill węglowy Classic,299.00,Stalowa konstrukcja i duży ruszt.,/images/placeholder.svg,"Ogród,Grille"
6,Zestaw węgla drzewnego 5 kg,24.99,Wysoka kaloryczność i długie palenie.,/images/placeholder.svg,"Ogród,Grille"
7,Parasol ogrodowy 3 m,189.00,Odporny na UV i wiatr.,/images/placeholder.svg,"Parasole,Ogrodowe"
8,Parasol tarasowy z lampą LED,249.00,Podświetlenie na wieczorne spotkania.,/images/placeholder.svg,"Parasole,Tarasowe"
9,Lampki choinkowe 200 LED,59.99,Ciepły biały światło i timer.,/images/placeholder.svg,"Boże Narodzenie,Lampki Choinkowe,Lampki"
10,Lampki ogrodowe solarnie 10 szt.,89.99,Automatyczne włączanie po zmroku.,/images/placeholder.svg,"Boże Narodzenie,Lampki,Ogród"
11,Ozdoby choinkowe zestaw 24 szt.,39.99,Kolorowe bombki i gwiazda.,/images/placeholder.svg,"Boże Narodzenie,Ozdoby choinkowe"
12,Stół ogrodowy teak 180 cm,1299.00,Elegancki mebel do jadalni na tarasie.,/images/placeholder.svg,"Ogród,Meble ogrodowe"
13,Ławka ogrodowa drewniana,449.00,Naturalne drewno impregnowane.,/images/placeholder.svg,"Ogród,Meble ogrodowe"
14,Sekator profesjonalny,79.99,Ostre ostrze i ergonomiczny uchwyt.,/images/placeholder.svg,"Ogród,Narzędzia ogrodowe"
15,Łopata ogrodowa stalowa,34.99,Trwała i lekka.,/images/placeholder.svg,"Ogród,Narzędzia ogrodowe"
16,Buxus w doniczce,29.99,Evergreen do rabat i balkonów.,/images/placeholder.svg,"Ogród,Rośliny"
17,Lawenda w doniczce,19.99,Zapach letniego ogrodu.,/images/placeholder.svg,"Ogród,Rośliny"
18,Zestaw zabaw plastycznych,49.99,Wiaderko i foremki do piaskownicy.,/images/placeholder.svg,"Dziecko,Zabawki"
19,Poduszka dekoracyjna len,59.99,Naturalny materiał do salonu.,/images/placeholder.svg,"Dom,Tekstylia"
20,Lampa stołowa ceramiczna,129.00,Stylowe oświetlenie wnętrza.,/images/placeholder.svg,"Dom,Oświetlenie"
21,Wazon ceramiczny biały,45.00,Minimalistyczna dekoracja.,/images/placeholder.svg,"Dom,Dekoracje"
